Connecticut Concrete Rubber,Kaleb Sipes,"Non laboriosam qui aliquid recusandae dolorem velit. Voluptatem eligendi maiores id. Molestiae sint aut repellendus nisi. Necessitatibus aut voluptas dolorum enim laboriosam qui delectus laudantium officiis. Aut et quo itaque optio. Ut rerum vel rerum rerum sequi voluptatem.
 Doloremque consequuntur et pariatur vel est nobis autem quam nam. Molestiae labore eum est omnis veniam labore rerum. Consequuntur est ipsum repellat nemo officiis veritatis dicta soluta. Corporis fugit maxime nemo repellat qui mollitia facere. Dolorum nisi at molestiae non et.
 Quibusdam et repellendus aperiam non quo veniam sed accusantium. Et modi amet eius deserunt voluptas nisi ducimus quod illum. Et ab harum eum perferendis. Commodi asperiores voluptatum distinctio enim distinctio vel voluptatem at est. Eius earum amet illo tempora veniam ullam et.",http://lorempixel.com/480/640/abstract/,13284,32608,54553,88267,72984,85292,https://mike.net,https://devin.org,http://monserrate.name,http://elinore.com,http://kurt.name,https://laurel.net,https://melba.com,https://emma.name,https://jordy.com,http://alice.com,https://jonathan.net,https://lilla.org,http://leta.net,Coordinator,1814,,Rogahn - Shanahan,Connecticut Concrete Rubber,96561,72733,English,Borders Books,http://mandy.info
digital haptic Personal Loan Account,Faye Witting,"Recusandae nihil ut voluptatem et doloremque nulla accusamus doloribus. Autem et perferendis magni ducimus. Exercitationem veniam voluptatibus harum dolores mollitia aut delectus magni. Recusandae est voluptas placeat maiores mollitia qui nemo.
 Laborum similique tempore. Deserunt harum et. Autem quo voluptas temporibus doloremque est ea architecto odit. Et doloribus rerum consequatur similique dicta mollitia nihil perferendis hic. Cumque est corrupti.
 Et blanditiis nam. Sit eum voluptas ut accusantium numquam nemo dolore debitis. Dolores quis atque facilis. Laudantium voluptatibus nesciunt facere aut cumque sit est quasi.",http://lorempixel.com/480/640/abstract/,69679,94002,22566,26270,48135,57437,http://chaz.biz,http://justus.com,http://gus.name,http://shayna.name,https://jamal.biz,https://newell.net,http://myles.net,https://jody.org,https://thea.com,http://moses.net,http://noah.com,http://everette.info,http://ariane.biz,Virginia,1978,,"Funk, Schowalter and Hoeger",digital haptic Personal Loan Account,35702,65885,English,,
Bedfordshire Factors Frozen,Torey Smith DDS,"Omnis facere praesentium blanditiis quia et qui. Sed illum ratione vitae sint ea omnis non voluptates aut. Est consectetur at veniam natus provident cumque. Sint at consequatur. Pariatur fugiat illum et et sit.
 Ea et nihil. In dicta accusamus deserunt qui et. Earum maxime quas. Doloremque rerum nostrum necessitatibus. Excepturi totam qui. Vitae eum autem dolorem eius possimus ducimus error mollitia.
 Officia neque beatae ea suscipit qui fuga nemo. Eaque eveniet dolores. Quidem aut sed totam velit vero consectetur et.",http://lorempixel.com/480/640/abstract/,64447,97741,1989,39589,77190,61995,http://taryn.info,https://candace.name,http://tyreek.info,http://melany.info,http://sierra.net,http://laurine.net,https://sophie.info,http://chandler.name,https://jayde.info,https://trystan.net,https://jeremy.info,http://eve.biz,https://shany.info,calculating,624,,"Konopelski, Hahn and O'Hara",Bedfordshire Factors Frozen,98944,79851,English,Intelligent Metal Cheese neural,http://moshe.com
scalable Diverse invoice,Mattie Weber,"Nihil sit iure soluta eum ipsam. Consectetur et aut explicabo eum. Dolores suscipit cumque beatae voluptatem perferendis.
 Quae aspernatur impedit eos maiores. Nemo quidem dignissimos et. Nobis eos eius officia exercitationem ex qui. Non recusandae voluptates et magni natus et. Reprehenderit hic mollitia et est numquam aut sapiente dignissimos.
 Dolorem id quo est neque alias omnis hic delectus. Repudiandae eos distinctio. Modi sed voluptatem. Dolore ut et aut ex quia dolorem est. Nemo sint et.",http://lorempixel.com/480/640/abstract/,45962,66234,25065,61238,62513,60117,http://bennie.info,http://ansel.name,https://cordelia.info,http://ethan.org,https://ebony.biz,http://milford.biz,http://lulu.com,http://salvatore.net,http://petra.net,https://vallie.biz,https://catherine.net,http://buford.com,https://olen.biz,Implementation,2575,,"Feeney, Mitchell and Jones",scalable Diverse invoice,14534,98710,English,,
Licensed Granite Fish Madagascar Specialist,Marco Kuhic,"Sunt ut vel culpa ut quia non sint. Incidunt corporis et voluptate in. Rerum aut nihil eum nostrum. Molestiae alias a dolorem enim quam.
 Earum eos voluptatum sed quam voluptatibus quisquam odit. Quo molestiae vel et. Laboriosam qui velit adipisci et commodi inventore optio. Nisi iusto autem. Quisquam expedita voluptatum et voluptates voluptas.
 Assumenda velit maxime. Dolores et quasi rerum nemo aut quibusdam eligendi voluptatem nam. Consectetur sapiente aspernatur similique iste sed facilis qui quo aut.",http://lorempixel.com/480/640/abstract/,52155,37301,57399,61409,83388,7973,https://carlo.org,http://susanna.name,https://dorian.info,http://chauncey.biz,http://abdullah.com,https://celestine.biz,http://madge.org,https://patsy.biz,http://noelia.info,https://clair.org,https://vilma.name,http://margret.com,https://mayra.biz,monetize,1109,,Frami LLC,Licensed Granite Fish Madagascar Specialist,10874,63492,English,green navigating,https://kira.org
Personal Loan Account content payment,Lorenza Dickinson,"Repellendus sed quod laborum mollitia corrupti voluptas quis molestias. Et vitae quam et in. Maxime alias assumenda. Dolorum modi praesentium. Rerum laborum sed nisi vero. Error voluptas eos.
 Doloribus voluptatem est in aut ipsum ut ipsam. Molestiae corporis vel veniam voluptate quis id optio. Sapiente excepturi velit repellendus sit. Ipsam consequatur incidunt excepturi atque qui dolorum dicta dolorem dignissimos. Minima quia corporis. Inventore aspernatur asperiores fugiat.
 Dicta qui doloribus omnis et ducimus impedit. Tempora omnis sunt. Error voluptatem voluptates eum ut perspiciatis dignissimos et. Velit nihil repellendus quas quia dolores et praesentium vitae ut. Velit aut alias quo velit. Aut voluptates officiis numquam repellat nam sint natus reiciendis rerum.",http://lorempixel.com/480/640/abstract/,32456,79059,44063,79536,7483,22164,http://myra.com,http://breanna.biz,http://dallas.info,http://danielle.com,http://tommie.com,http://noemy.net,https://colton.org,https://gillian.biz,http://ewell.com,http://lukas.com,http://billie.org,http://electa.name,https://ethelyn.info,Avon,2238,,Harber - Ondricka,Personal Loan Account content payment,39063,13188,English,,
Home Loan Account Metrics infrastructures,Norberto Koelpin,"Perspiciatis illum tempore quia tempore dolor veritatis qui amet. Reiciendis temporibus id voluptate ut quae nisi. Laudantium fugit quae est eos amet consequatur eveniet illo nesciunt. Qui aspernatur voluptatem voluptatibus aspernatur eum illo magni placeat. Quas ea libero nihil ad laboriosam dolore tempora. Amet perspiciatis adipisci explicabo labore debitis eveniet vero.
 Voluptatem voluptatem architecto iure a. Ea sapiente fugiat. Maxime velit quia non voluptas quam nihil quo. Saepe temporibus rem sunt accusamus voluptas dicta natus aut illo. Nemo enim repellendus consectetur eum tenetur nihil. Modi fugit voluptatibus ipsum.
 Qui maxime doloribus tempora. Est vitae praesentium explicabo et asperiores ad enim. Excepturi ut doloribus veniam harum et. In enim exercitationem libero dolor suscipit hic. Numquam atque modi ullam et. Nostrum pariatur aliquid qui quidem.",http://lorempixel.com/480/640/abstract/,31029,6601,58932,76925,99362,67332,https://willow.name,https://aubrey.org,http://courtney.name,http://phyllis.biz,https://abigail.net,https://haylie.com,https://elza.com,http://neoma.org,http://crystel.org,https://carlos.com,http://brett.info,https://eula.org,http://larissa.org,function,187,,Schneider Inc,Home Loan Account Metrics infrastructures,62268,59509,English,,
Florida Towels Lead,Jaycee Langworth,"Quaerat aut facilis quia est. Facilis et qui et debitis et non consequuntur cupiditate. Reprehenderit et vel quis qui voluptate consequatur eaque facilis quia. Labore suscipit facere. Ea in aliquid eveniet explicabo numquam voluptatem. Quam ut perspiciatis.
 Sunt itaque iusto necessitatibus quia nihil aperiam. Neque aut qui. Ullam quia sit. Asperiores placeat totam. Quae excepturi voluptatum tenetur.
 Voluptates eius ab rerum. Tempore at quia ullam eius. Sunt et eligendi enim rerum eum voluptatem ut. Impedit consequatur aliquid.",http://lorempixel.com/480/640/abstract/,83728,84810,32654,56126,42334,11125,http://dakota.info,http://carlee.biz,https://general.com,https://dortha.info,https://jamie.biz,https://jett.name,http://joshua.org,http://unique.com,http://dave.com,http://dayana.biz,https://freddy.net,https://torrey.info,https://elinore.name,Human,200,,"Wolf, Bergstrom and Schneider",Florida Towels Lead,34162,29829,English,Functionality Towels,http://santiago.com
North Dakota Japan Global,Lemuel Koch,"Ea rerum magnam dolor nesciunt amet dolor ipsum aperiam mollitia. Vel libero repudiandae. Omnis qui repellendus aspernatur eos necessitatibus esse repellendus ullam. Magni explicabo ratione amet cum eaque occaecati dolore est qui. Ut rerum corrupti et voluptatum. Vitae laudantium quisquam animi aliquid eos.
 Qui eum nobis sint. In incidunt tempore occaecati. Ut consequuntur voluptas. Ab dolorem quia molestiae facilis labore nobis temporibus omnis sint. Adipisci dolor libero nihil qui architecto.
 Sint sint odit dignissimos. Maxime sunt ipsa inventore voluptatem ex delectus accusamus laborum nesciunt. Corporis ut quas doloremque quisquam repudiandae consequuntur id necessitatibus quibusdam. Et ut hic rerum nihil in earum rem.",http://lorempixel.com/480/640/abstract/,87219,22811,65790,92888,17682,59041,http://gideon.biz,https://meggie.net,https://zula.name,http://alberta.biz,https://nels.info,http://greyson.name,http://abner.name,http://reta.biz,http://jodie.biz,https://roslyn.name,http://alvina.net,http://brooke.name,http://ezra.info,online,27,,Wisozk - Mante,North Dakota Japan Global,51733,62626,English,,
Granite multi-byte Netherlands Antillian Guilder,Deborah Halvorson Jr.,"Rem corrupti reiciendis eius mollitia omnis laboriosam incidunt possimus. Architecto est sint consequatur veritatis. Consectetur accusantium sint voluptatem eaque quaerat consequatur voluptatum cum. Repellendus et voluptatem adipisci eveniet consequatur ea. Voluptatem sapiente voluptatum blanditiis voluptas ut aperiam ut eius quibusdam. Omnis sit est corrupti iure officia nesciunt fuga.
 Eos et perferendis qui est dolorem fugit aut quod et. Voluptatem voluptas facere et similique debitis perspiciatis. Maxime nobis dolorem quasi et nemo autem alias assumenda. Consequatur autem reprehenderit consectetur ad qui maxime est et id. Delectus libero temporibus quibusdam beatae commodi. Deserunt dolorem tenetur sunt magnam ipsa atque consequuntur cumque rerum.
 Laudantium at quidem dolorem quisquam. Nam reiciendis est. Est sequi praesentium consequatur iste. Ad minus aliquam. Ullam quam vero cupiditate velit. Modi qui sint ut.",http://lorempixel.com/480/640/abstract/,51364,229,63214,90536,24244,38737,https://dillon.org,http://izabella.org,http://ivah.com,http://bernardo.info,https://christine.name,https://leta.net,https://althea.net,http://orlo.net,http://kiarra.name,https://sim.biz,https://abbigail.name,http://felipa.info,http://stanford.info,Keyboard,402,,Roob LLC,Granite multi-byte Netherlands Antillian Guilder,24806,22402,English,programming Salad,https://theresia.com
Mouse TCP Music,Dr. Carolyne Harris,"Odit quo vero sunt fugit. Cum omnis ut sapiente sit praesentium quis at. Eaque illo dolorum et hic enim error magni odio. Vel rem iste id voluptates.
 Minima facilis eos repellat. Rerum distinctio deleniti laudantium qui beatae qui occaecati iste. Iure accusamus ipsam officia in itaque. Voluptas quia est veritatis tempora omnis voluptate amet excepturi. Voluptatem sunt qui et vel quasi autem earum.
 Et ut eveniet quos neque. Dignissimos magnam quo dolor ex molestiae tempore. In et qui ab fuga nihil qui laborum at. Est aliquid est necessitatibus explicabo id quia qui labore possimus.",http://lorempixel.com/480/640/abstract/,91316,49045,70032,21269,54660,64213,http://robb.net,http://ally.org,http://trenton.info,https://christiana.info,http://lorna.biz,https://renee.biz,http://naomi.biz,http://emmy.net,http://van.com,http://leanne.biz,https://ewald.com,https://grayson.name,http://dangelo.biz,parsing,830,,Barrows Group,Mouse TCP Music,93054,10770,English,orchestrate Jewelery,https://fae.com
Fully-configurable matrix Handcrafted Rubber Hat,Sterling Hettinger,"Sapiente nihil architecto aliquid porro et at. Minus consequuntur atque dolor voluptas assumenda maxime nisi nihil eum. Iusto commodi aut quae illum voluptatum ea nesciunt dolores. Exercitationem officiis molestiae consequatur qui distinctio. Ipsa molestias molestias doloremque et nisi aut velit sunt consectetur.
 Veniam est aliquam facere quasi quos illum. Voluptas quia inventore perspiciatis quasi aut. Beatae esse ad accusantium. Voluptatem suscipit nemo optio et modi temporibus officiis expedita. Quidem deleniti deserunt adipisci sit quisquam et. Voluptate aut et optio minus aut eveniet quas dolor.
 Eum perferendis aut eos vel amet illo quis. Deleniti suscipit veniam totam ut. Sed non deserunt id molestiae beatae porro odit autem ut.",http://lorempixel.com/480/640/abstract/,29016,50747,86481,12840,18886,16873,http://samson.com,http://elvie.com,https://laurine.info,http://casandra.info,https://magdalen.biz,http://brianne.org,http://raymond.name,https://lucienne.com,http://mazie.net,https://callie.org,http://liam.org,https://hans.net,http://orval.org,3rd generation,1504,,Orn LLC,Fully-configurable matrix Handcrafted Rubber Hat,34318,61809,English,definition quantify,http://dana.net
streamline sensor Intuitive,Lloyd Monahan,"Sit occaecati id ut itaque laudantium dolor asperiores nisi. Velit exercitationem voluptatum necessitatibus omnis excepturi temporibus velit voluptas. Labore molestias non blanditiis sunt omnis voluptas adipisci. Adipisci repellendus fuga mollitia velit. Ut rerum blanditiis aliquid. Rerum commodi nam dolor nisi delectus dolores sint commodi blanditiis.
 Ratione ut nihil. Qui pariatur excepturi. Et modi voluptas aut consequuntur maiores amet dolor. Assumenda soluta molestiae eaque saepe voluptatum dolorem corporis. Molestias ipsam facilis nemo provident dolores et architecto rerum. Architecto eveniet suscipit hic ad totam.
 Dolore sunt nesciunt illo quaerat. Quas doloribus enim quaerat accusamus voluptatem minima. Molestiae reiciendis et impedit debitis asperiores expedita assumenda. Voluptatem aut nostrum sapiente molestias quo ipsam eos. Labore voluptas voluptas voluptatem commodi.",http://lorempixel.com/480/640/abstract/,48836,52406,28622,87142,50287,22923,https://giovanna.org,https://haylie.biz,http://mikayla.com,http://norwood.info,https://irma.name,http://gerry.net,https://cayla.com,https://jovany.com,https://lynn.net,http://julien.net,http://etha.info,http://graciela.org,http://august.org,hack,2530,,Skiles and Sons,streamline sensor Intuitive,65993,69479,English,,
Kids EXE parse,Julie Haag,"Voluptatum sint nesciunt. Quis quis pariatur qui. Harum vero harum inventore optio dolore et dolorem. Ea ab eligendi laudantium. Numquam eos alias minima quo qui consequatur quidem. Nisi accusantium enim debitis neque.
 Voluptate placeat sint et aut. Dicta culpa sit et facilis totam id. Ullam et nesciunt cum earum sed repudiandae odit quia est. Natus laborum aperiam. Modi est nostrum ea praesentium reprehenderit vel harum dolores.
 Earum autem quidem soluta odio beatae. Veniam at qui quis sit adipisci quae. Laborum odio et dicta consequatur voluptatibus delectus.",http://lorempixel.com/480/640/abstract/,94400,50999,69753,37313,99544,69124,http://luna.biz,https://gabrielle.net,http://rosetta.biz,http://yessenia.com,http://watson.com,https://hailie.biz,https://annabelle.info,http://ebony.org,http://nova.net,http://ima.info,https://caleigh.biz,https://willis.info,https://orland.name,Chief,1674,,Stark - Wyman,Kids EXE parse,57650,38622,English,Dominica Generic Granite Tuna,http://claudia.org
Corporate digital Iranian Rial,Ashly Rogahn,"Dolores repellat minima non dignissimos voluptatem nostrum animi reiciendis. Ut odit eligendi. Modi non cum fugit sit autem aut sunt fugit.
 Facere dolores dolores vel qui nihil distinctio dolores. Officiis blanditiis a nesciunt repellendus doloremque qui quis eos. Assumenda et laborum et quasi dolorem rem. Quo animi nihil facere.
 Quidem magnam eaque eligendi maxime repellendus alias tempore non illum. Quia rerum ut et explicabo. Et corporis est nostrum similique dicta doloremque. Eum non sed mollitia et laboriosam nisi eos laboriosam sunt. Nemo illo quibusdam qui dolor repudiandae. Repudiandae porro in esse aut rerum numquam sed itaque.",http://lorempixel.com/480/640/abstract/,21016,79097,65230,38674,79961,92454,https://jordi.com,https://jonas.info,http://mckenna.name,https://talon.com,http://sadie.net,http://jeffery.info,http://camilla.org,http://myrtle.net,https://jan.org,http://alden.org,https://moshe.name,http://jaylin.info,http://stone.net,District,1057,,Mosciski - Schamberger,Corporate digital Iranian Rial,35591,82596,English,Personal Loan Account world-class,http://brock.org
Generic Rubber Shoes compress Plastic,Gavin Roob,"Incidunt maxime id magnam. Excepturi itaque assumenda temporibus ab dicta labore error sed aliquid. Cumque maxime inventore enim sunt eius non vero. Accusamus et porro. Dolorum dignissimos reprehenderit sint est hic. Eos ad sapiente dolores praesentium sunt nesciunt quod quasi.
 Aut aliquam deserunt consequatur culpa dolor et minus. Omnis enim sint a quia ea qui id perspiciatis voluptate. Qui nostrum minus. Et totam reprehenderit voluptatum ut occaecati. Optio sunt inventore.
 Cupiditate perspiciatis sed qui eveniet nobis labore iure commodi enim. Rerum expedita sint eligendi aliquid odit. Qui dignissimos voluptatibus voluptatem error dolore perspiciatis qui. Ipsum consequuntur ut animi tenetur reprehenderit accusamus rerum et debitis. Nesciunt recusandae occaecati fugiat. In culpa nihil rerum.",http://lorempixel.com/480/640/abstract/,89984,88306,34719,50065,89522,24368,http://ebony.info,http://blaze.com,http://lane.org,http://barry.net,http://sarai.info,https://lacy.net,https://leopold.info,http://talia.info,https://dwight.info,http://breanne.name,http://eloy.com,https://keanu.info,http://assunta.com,azure,2503,,Simonis - Mertz,Generic Rubber Shoes compress Plastic,44579,10955,English,,
withdrawal Public-key vortals,Maximilian Kling,"Quasi sequi accusamus. Cumque neque eveniet ea consequatur quis quisquam rem. Officia reiciendis fuga numquam nihil praesentium reprehenderit qui. Quia placeat est laborum animi quia. Nihil qui necessitatibus est similique id quo placeat eum dolores. Aut labore quae aut illum et ipsa amet et.
 Eveniet ullam voluptas ut soluta voluptatem molestias quibusdam quia. Cum quisquam aspernatur aut accusantium ab blanditiis nihil. Consectetur omnis eum architecto nihil commodi. Illo ut quidem quam. Odit cumque dicta necessitatibus occaecati ut aspernatur qui a. Ut et iste assumenda.
 A ipsa facilis. Et magnam ea velit aut assumenda. Dignissimos qui neque maxime illum et quisquam quam nam. Quia eligendi voluptatibus voluptatem excepturi. Et eligendi recusandae libero et aspernatur.",http://lorempixel.com/480/640/abstract/,28991,78299,7294,66588,75540,16872,http://abdiel.name,https://aimee.info,http://chester.name,http://tyra.net,http://reilly.net,http://porter.name,http://myrl.com,https://merlin.com,http://arlene.info,http://dangelo.net,https://katheryn.net,https://don.org,http://grayson.com,Licensed,546,,McKenzie - Langosh,withdrawal Public-key vortals,79515,20695,English,Arkansas gold,https://demond.com
attitude web services budgetary management,Leta Labadie,"Et provident et porro commodi. Dolorem et veritatis aut dolore et alias. Praesentium molestias iste.
 A dolores necessitatibus nihil porro est excepturi et et possimus. In eum hic nisi voluptas quam voluptatem consectetur. Maiores dolorem ipsam.
 Qui quisquam omnis laboriosam facere odio delectus. At odio doloribus. Qui dolorem perspiciatis consequatur numquam eum fugit.",http://lorempixel.com/480/640/abstract/,62461,62794,15780,88518,74981,75867,http://vivienne.org,http://jessika.org,https://cleo.net,http://mallory.org,http://alexandra.biz,https://allen.name,http://sofia.net,https://werner.org,http://ted.org,https://demond.name,https://malika.net,https://breana.info,http://sister.org,Investor,25,,Dooley - Waters,attitude web services budgetary management,66680,61862,English,Bedfordshire SMS,https://tina.net
Compatible distributed transmitting,Ottis Schinner,"Perferendis aperiam ullam magnam quo. Reprehenderit voluptatem aut. Alias possimus ducimus et ipsa natus eius illo omnis. Commodi vel et quis praesentium. Quos neque et illo odit ipsum at.
 Aut excepturi ut atque exercitationem nulla quia corporis architecto recusandae. Accusantium atque qui aut quo. Laboriosam voluptatem et doloremque repudiandae. Dolor maxime delectus ipsam.
 Id atque ut sunt officiis velit et. Voluptas ratione pariatur esse laborum. A reprehenderit sunt nisi consequatur sit. Totam mollitia iste esse cum sit autem.",http://lorempixel.com/480/640/abstract/,35036,50430,13644,32380,71969,92756,http://haskell.name,http://constantin.net,http://dale.net,http://orlo.org,https://bertram.com,http://isaac.com,https://cordia.name,https://royce.net,https://mylene.net,http://maeve.name,http://josephine.info,http://hattie.name,http://nicolette.org,array,2332,,Kassulke Inc,Compatible distributed transmitting,62832,59226,English,,
Creative SAS Home,Mandy Hahn,"Aut iusto ipsa. Odio molestiae aliquam animi corporis ipsam ex ut. Quia non in enim officia quos nostrum asperiores pariatur. Pariatur ut qui qui autem odio provident quis explicabo. Minus excepturi ratione quia incidunt dignissimos voluptatem aut. Enim qui sed in rerum voluptates sint impedit.
 Suscipit sit et et consequatur consequatur voluptatem nisi. At suscipit possimus voluptatem amet odit. Provident qui ut rerum qui.
 Dolores minima et autem libero. Officiis at magni. Quisquam architecto ad reiciendis et ducimus. Et quis qui autem dolorem deleniti molestiae veritatis tempora sit. Qui quia ullam reprehenderit at.",http://lorempixel.com/480/640/abstract/,51317,3948,34460,48976,26672,3757,http://wava.info,https://iva.biz,https://angela.biz,http://megane.org,http://beatrice.org,https://jamie.name,http://cameron.name,https://crystel.name,https://mckenzie.name,http://leila.net,https://lon.info,http://jeanette.name,https://zack.biz,partnerships,1248,,Fadel - Nitzsche,Creative SAS Home,14824,97310,English,Infrastructure Tennessee,https://eulah.net
